run_date,date,as_of_close_date,ticker,status,best_horizon,best_pred_prob,best_pred_std,best_adj_prob,close
2026-04-21,2026-04-21,2026-02-06,BNY,buy_candidate,1d,0.2711564898490906,0.05263921245932579,0.2711564898490906,10.2
2026-04-21,2026-04-21,2026-02-18,AMPGW,buy_candidate,6m,0.2524396777153015,0.03776277229189873,0.2524396777153015,0.0771
2026-04-21,2026-04-21,2026-04-20,BP,buy_candidate,1m,0.2358969748020172,0.030958957970142365,0.2358969748020172,45.11
2026-04-21,2026-04-21,2026-04-20,ALNY,buy_candidate,1d,0.22475823760032654,0.05032370612025261,0.22475823760032654,310.94
2026-04-21,2026-04-21,2026-04-20,ARLP,buy_candidate,6m,0.22222259640693665,0.04484330490231514,0.22222259640693665,24.59
2026-04-21,2026-04-21,2026-04-20,AMTB,buy_candidate,1d,0.2176303118467331,0.04435411095619202,0.2176303118467331,24.01
2026-04-21,2026-04-21,2026-04-20,BOXL,buy_candidate,1m,0.21532869338989258,0.030336610972881317,0.21532869338989258,1.13
2026-04-21,2026-04-21,2026-04-20,ANY,buy_candidate,6m,0.21152982115745544,0.027772199362516403,0.21152982115745544,1.5
2026-04-21,2026-04-21,2026-04-20,AHG,buy_candidate,1m,0.20868518948554993,0.0468498095870018,0.20868518948554993,1.97
2026-04-21,2026-04-21,2026-04-20,AA,buy_candidate,6m,0.20721778273582458,0.03981837257742882,0.20721778273582458,66.53
2026-04-21,2026-04-21,2026-04-20,ANSC,buy_candidate,6m,0.2051355540752411,0.029581334441900253,0.2051355540752411,11.28
2026-04-21,2026-04-21,,AGNCZ,insufficient_window,,,,,
2026-04-21,2026-04-21,,AGRZ,insufficient_window,,,,,
2026-04-21,2026-04-21,,AIIA,insufficient_window,,,,,
2026-04-21,2026-04-21,,ALIS,insufficient_window,,,,,
2026-04-21,2026-04-21,,ALISR,insufficient_window,,,,,
2026-04-21,2026-04-21,,AMBQ,insufficient_window,,,,,
2026-04-21,2026-04-21,,APAC,insufficient_window,,,,,
2026-04-21,2026-04-21,,APACR,insufficient_window,,,,,
2026-04-21,2026-04-21,,APACU,insufficient_window,,,,,
2026-04-21,2026-04-21,,APAD,insufficient_window,,,,,
2026-04-21,2026-04-21,,APADR,insufficient_window,,,,,
2026-04-21,2026-04-21,,APADU,insufficient_window,,,,,
2026-04-21,2026-04-21,,APXT,insufficient_window,,,,,
2026-04-21,2026-04-21,,APXTU,insufficient_window,,,,,
2026-04-21,2026-04-21,,APXTW,insufficient_window,,,,,
2026-04-21,2026-04-21,,BPACU,insufficient_window,,,,,
2026-04-21,2026-04-21,,BRBI,insufficient_window,,,,,
2026-04-21,2026-04-21,,BRCB,insufficient_window,,,,,
2026-04-21,2026-04-21,,BRKRP,insufficient_window,,,,,
2026-04-21,2026-04-21,,BRR,insufficient_window,,,,,
2026-04-21,2026-04-21,,BRRWU,insufficient_window,,,,,
2026-04-21,2026-04-21,,BRRWW,insufficient_window,,,,,
2026-04-21,2026-04-21,,BSAA,insufficient_window,,,,,
2026-04-21,2026-04-21,,BRK/A,missing_processed,,,,,
2026-04-21,2026-04-21,,BRK/B,missing_processed,,,,,
2026-04-21,2026-04-21,2026-04-20,AIXI,no_buy,1m,0.19930881261825562,0.033753398805856705,0.19930881261825562,0.8507
2026-04-21,2026-04-21,2026-04-20,BMRC,no_buy,1d,0.1984913945198059,0.03885535150766373,0.1984913945198059,26.39
2026-04-21,2026-04-21,2026-04-20,AIR,no_buy,1m,0.19459165632724762,0.038831230252981186,0.19459165632724762,121.87
2026-04-21,2026-04-21,2026-04-20,BSM,no_buy,6m,0.19458255171775818,0.03380409628152847,0.19458255171775818,13.76
2026-04-21,2026-04-21,2026-04-20,A,no_buy,1m,0.19416694343090057,0.03867151215672493,0.19416694343090057,120.925
2026-04-21,2026-04-21,2026-04-20,ANPA,no_buy,1m,0.19345946609973907,0.02950764261186123,0.19345946609973907,8.34
2026-04-21,2026-04-21,2026-04-20,AGRO,no_buy,1d,0.1934298574924469,0.04181946441531181,0.1934298574924469,12.72
2026-04-21,2026-04-21,2026-04-20,BMY,no_buy,1m,0.19314071536064148,0.04213090240955353,0.19314071536064148,59.14
2026-04-21,2026-04-21,2026-04-20,ARBK,no_buy,6m,0.1924310177564621,0.04604439064860344,0.1924310177564621,3.25
2026-04-21,2026-04-21,2026-04-20,AJG,no_buy,6m,0.1919223964214325,0.03482528030872345,0.1919223964214325,223.15
2026-04-21,2026-04-21,2026-04-20,AMAT,no_buy,1m,0.19134274125099182,0.029136793687939644,0.19134274125099182,391.62
2026-04-21,2026-04-21,2026-04-20,BTO,no_buy,1m,0.19085660576820374,0.02994430996477604,0.19085660576820374,37.6
2026-04-21,2026-04-21,2026-04-20,BRID,no_buy,1m,0.1904521882534027,0.027652163058519363,0.1904521882534027,7.28
2026-04-21,2026-04-21,2026-04-20,AM,no_buy,6m,0.18983058631420135,0.039285074919462204,0.18983058631420135,20.895
2026-04-21,2026-04-21,2026-04-20,AGYS,no_buy,1m,0.18385103344917297,0.030072057619690895,0.18385103344917297,67.95
2026-04-21,2026-04-21,2026-04-20,AACB,no_buy,1m,0.18156196177005768,0.03229236230254173,0.18156196177005768,10.38
2026-04-21,2026-04-21,2026-02-20,BTA,no_buy,6m,0.18148748576641083,0.025926146656274796,0.18148748576641083,9.72
2026-04-21,2026-04-21,2026-04-20,AMPY,no_buy,6m,0.18100833892822266,0.03196234628558159,0.18100833892822266,5.345
2026-04-21,2026-04-21,2026-04-20,API,no_buy,6m,0.1800365447998047,0.026017101481556892,0.1800365447998047,3.88
2026-04-21,2026-04-21,2026-04-20,AROC,no_buy,6m,0.17975109815597534,0.027703214436769485,0.17975109815597534,35.88
2026-04-21,2026-04-21,2026-04-20,AMR,no_buy,1m,0.17947593331336975,0.0271823201328516,0.17947593331336975,195.115
2026-04-21,2026-04-21,2026-04-20,BSX,no_buy,1m,0.17702829837799072,0.01817459985613823,0.17702829837799072,60.99
2026-04-21,2026-04-21,2026-04-20,ARWR,no_buy,1m,0.17691181600093842,0.028383363038301468,0.17691181600093842,69.25
2026-04-21,2026-04-21,2026-04-20,AR,no_buy,1m,0.17593048512935638,0.02831808105111122,0.17593048512935638,36.575
2026-04-21,2026-04-21,2026-04-20,AACG,no_buy,1m,0.17550784349441528,0.01752253994345665,0.17550784349441528,1.01
2026-04-21,2026-04-21,2026-04-20,APWC,no_buy,6m,0.1729796975851059,0.0253608375787735,0.1729796975851059,1.36
2026-04-21,2026-04-21,2026-04-20,ANNAW,no_buy,6m,0.1707383394241333,0.0270925872027874,0.1707383394241333,0.4
2026-04-21,2026-04-21,2026-04-20,BPOPM,no_buy,6m,0.17014819383621216,0.020046643912792206,0.17014819383621216,25.47
2026-04-21,2026-04-21,2026-04-20,BRNS,no_buy,1m,0.1690484583377838,0.028694171458482742,0.1690484583377838,0.59
2026-04-21,2026-04-21,2026-04-20,AKA,no_buy,1m,0.16792167723178864,0.030654827132821083,0.16792167723178864,11.15
2026-04-21,2026-04-21,2026-04-20,ANNA,no_buy,1d,0.16733871400356293,0.04313088580965996,0.16733871400356293,3.84
2026-04-21,2026-04-21,2026-04-20,BPOP,no_buy,1m,0.16701914370059967,0.034009192138910294,0.16701914370059967,148.07
2026-04-21,2026-04-21,2026-04-20,BRLS,no_buy,6m,0.16696050763130188,0.028242027387022972,0.16696050763130188,0.93
2026-04-21,2026-04-21,2026-04-20,BNZI,no_buy,6m,0.16665084660053253,0.031434834003448486,0.16665084660053253,0.61
2026-04-21,2026-04-21,2026-04-20,BRLSW,no_buy,1d,0.16654376685619354,0.05080833658576012,0.16654376685619354,0.0374
2026-04-21,2026-04-21,2026-04-20,BNKK,no_buy,6m,0.16574905812740326,0.030423564836382866,0.16574905812740326,3.2
2026-04-21,2026-04-21,2026-04-20,BNBX,no_buy,6m,0.1654639095067978,0.034370649605989456,0.1654639095067978,0.5551
2026-04-21,2026-04-21,2026-04-20,AMRZ,no_buy,6m,0.16470514237880707,0.026859218254685402,0.16470514237880707,58.2
2026-04-21,2026-04-21,2026-04-20,AACBU,no_buy,6m,0.16446752846240997,0.023435503244400024,0.16446752846240997,10.53
2026-04-21,2026-04-21,2026-04-20,AIIOW,no_buy,1m,0.16386516392230988,0.026570040732622147,0.16386516392230988,0.0159
2026-04-21,2026-04-21,2026-04-20,BNED,no_buy,6m,0.16334833204746246,0.026586776599287987,0.16334833204746246,10.96
2026-04-21,2026-04-21,2023-12-29,ARMN,no_buy,6m,0.16322022676467896,0.026513854041695595,0.16322022676467896,3.285
2026-04-21,2026-04-21,2026-04-20,BRFH,no_buy,6m,0.16301031410694122,0.03149385005235672,0.16301031410694122,2.64
2026-04-21,2026-04-21,2026-04-20,BPYPO,no_buy,1m,0.1627023071050644,0.025568624958395958,0.1627023071050644,15.12
2026-04-21,2026-04-21,2026-04-20,ARMK,no_buy,1m,0.16189105808734894,0.0401725172996521,0.16189105808734894,45.61
2026-04-21,2026-04-21,2026-04-20,BROS,no_buy,6m,0.16168095171451569,0.03213270753622055,0.16168095171451569,54.61
2026-04-21,2026-04-21,2026-04-20,ALISU,no_buy,6m,0.16158492863178253,0.03119061142206192,0.16158492863178253,10.51
2026-04-21,2026-04-21,2026-04-20,BOX,no_buy,1m,0.16148173809051514,0.029429301619529724,0.16148173809051514,23.945
2026-04-21,2026-04-21,2026-04-20,ARL,no_buy,6m,0.16137517988681793,0.03621446341276169,0.16137517988681793,13.72
2026-04-21,2026-04-21,2026-04-20,AIMDW,no_buy,6m,0.16127341985702515,0.035428162664175034,0.16127341985702515,0.0849
2026-04-21,2026-04-21,2026-04-20,ARW,no_buy,1m,0.16110897064208984,0.024452362209558487,0.16110897064208984,175.97
2026-04-21,2026-04-21,2026-04-20,AGO,no_buy,6m,0.16097307205200195,0.028166094794869423,0.16097307205200195,83.4
2026-04-21,2026-04-21,2026-04-20,BSL,no_buy,6m,0.1603783816099167,0.034145742654800415,0.1603783816099167,13.28
2026-04-21,2026-04-21,2026-04-20,BSAAU,no_buy,1m,0.15905354917049408,0.03231032192707062,0.15905354917049408,10.45
2026-04-21,2026-04-21,2026-04-20,BRSL,no_buy,6m,0.15879850089550018,0.021233530715107918,0.15879850089550018,13.005
2026-04-21,2026-04-21,2026-04-20,ALLY,no_buy,6m,0.15847660601139069,0.03729484975337982,0.15847660601139069,46.3
2026-04-21,2026-04-21,2026-04-20,BSLKW,no_buy,1m,0.1580987423658371,0.023858537897467613,0.1580987423658371,0.0055
2026-04-21,2026-04-21,2026-04-20,AIRT,no_buy,6m,0.1578810065984726,0.0325775220990181,0.1578810065984726,21.76
2026-04-21,2026-04-21,2026-04-20,ALXO,no_buy,6m,0.15678860247135162,0.029717259109020233,0.15678860247135162,1.75
2026-04-21,2026-04-21,2026-04-20,AMRN,no_buy,6m,0.15677940845489502,0.03177053481340408,0.15677940845489502,14.62
2026-04-21,2026-04-21,2026-04-20,AQMS,no_buy,6m,0.15673595666885376,0.025932013988494873,0.15673595666885376,4.54
2026-04-21,2026-04-21,2026-04-20,AIM,no_buy,1m,0.15624114871025085,0.02719704434275627,0.15624114871025085,0.4842
2026-04-21,2026-04-21,2026-04-20,AIFU,no_buy,1m,0.15521298348903656,0.025014745071530342,0.15521298348903656,1.425
2026-04-21,2026-04-21,2026-04-20,AIRI,no_buy,6m,0.15511411428451538,0.02754785493016243,0.15511411428451538,3.21
2026-04-21,2026-04-21,2026-04-20,AMTD,no_buy,6m,0.15509265661239624,0.02280030958354473,0.15509265661239624,1.02
2026-04-21,2026-04-21,2026-04-20,AIZ,no_buy,1m,0.15505753457546234,0.036333948373794556,0.15505753457546234,226.28
2026-04-21,2026-04-21,2026-04-20,AQNB,no_buy,1m,0.15492859482765198,0.03455134481191635,0.15492859482765198,25.89
2026-04-21,2026-04-21,2026-04-20,ALMU,no_buy,1m,0.15469564497470856,0.024881770834326744,0.15469564497470856,16.67
2026-04-21,2026-04-21,2026-04-20,ARMP,no_buy,6m,0.15405847132205963,0.029144007712602615,0.15405847132205963,12.61
2026-04-21,2026-04-21,2026-04-20,BNAIW,no_buy,1m,0.15399138629436493,0.03558002784848213,0.15399138629436493,0.2402
2026-04-21,2026-04-21,2026-04-20,BRC,no_buy,6m,0.1538752317428589,0.041248299181461334,0.1538752317428589,82.93
2026-04-21,2026-04-21,2026-04-20,BTOC,no_buy,1m,0.15381303429603577,0.023940205574035645,0.15381303429603577,0.2812
2026-04-21,2026-04-21,2026-04-20,BSVN,no_buy,1m,0.1534680873155594,0.03333505615592003,0.1534680873155594,43.82
2026-04-21,2026-04-21,2026-04-20,AMPG,no_buy,1m,0.15222841501235962,0.02421570010483265,0.15222841501235962,2.0
2026-04-21,2026-04-21,2026-04-20,AISP,no_buy,6m,0.151851087808609,0.030566543340682983,0.151851087808609,2.49
2026-04-21,2026-04-21,2026-04-20,ARAI,no_buy,6m,0.15175068378448486,0.02276168018579483,0.15175068378448486,0.9791
2026-04-21,2026-04-21,2026-04-20,BSBK,no_buy,1m,0.1517149955034256,0.02382214181125164,0.1517149955034256,8.56
2026-04-21,2026-04-21,2026-04-20,BTI,no_buy,6m,0.15139585733413696,0.029003556817770004,0.15139585733413696,57.05
2026-04-21,2026-04-21,2026-04-20,ANSCU,no_buy,1m,0.15129728615283966,0.02838185988366604,0.15129728615283966,11.5
2026-04-21,2026-04-21,2026-04-20,ARBKL,no_buy,6m,0.1506034880876541,0.024983054026961327,0.1506034880876541,5.3
2026-04-21,2026-04-21,2026-04-20,AI,no_buy,6m,0.1505032330751419,0.027495691552758217,0.1505032330751419,9.375
2026-04-21,2026-04-21,2026-04-20,BMN,no_buy,6m,0.1504160761833191,0.033016882836818695,0.1504160761833191,26.2054
2026-04-21,2026-04-21,2026-04-20,BNZIW,no_buy,1m,0.15032626688480377,0.028863536193966866,0.15032626688480377,0.018
2026-04-21,2026-04-21,2026-04-20,APA,no_buy,1m,0.1503058671951294,0.03486456722021103,0.1503058671951294,35.965
2026-04-21,2026-04-21,2026-04-20,AMST,no_buy,6m,0.15016843378543854,0.024141522124409676,0.15016843378543854,1.76
2026-04-21,2026-04-21,2026-04-20,AKBA,no_buy,1d,0.15001428127288818,0.04885757341980934,0.15001428127288818,1.43
2026-04-21,2026-04-21,2026-04-20,BTE,no_buy,1m,0.14960499107837677,0.04167139530181885,0.14960499107837677,4.225
2026-04-21,2026-04-21,2026-04-20,BRKR,no_buy,6m,0.1495683789253235,0.03125175088644028,0.1495683789253235,41.1
2026-04-21,2026-04-21,2026-04-20,APLE,no_buy,6m,0.1490279734134674,0.02273269183933735,0.1490279734134674,13.125
2026-04-21,2026-04-21,2026-04-20,AIT,no_buy,6m,0.14858146011829376,0.027672406286001205,0.14858146011829376,294.09
2026-04-21,2026-04-21,2026-04-20,BRW,no_buy,1m,0.14812900125980377,0.030812518671154976,0.14812900125980377,6.795
2026-04-21,2026-04-21,2026-04-20,APH,no_buy,6m,0.1478251963853836,0.02507307194173336,0.1478251963853836,152.8
2026-04-21,2026-04-21,2026-04-20,BTG,no_buy,1m,0.1468750238418579,0.03068079985678196,0.1468750238418579,4.945
2026-04-21,2026-04-21,2026-04-20,AOS,no_buy,6m,0.14674700796604156,0.02765859290957451,0.14674700796604156,65.61
2026-04-21,2026-04-21,2026-04-20,BPRN,no_buy,1m,0.14673694968223572,0.03246521204710007,0.14673694968223572,35.27
2026-04-21,2026-04-21,2026-04-20,AIG,no_buy,1m,0.14670011401176453,0.020342456176877022,0.14670011401176453,78.55
2026-04-21,2026-04-21,2026-04-20,BPYPP,no_buy,6m,0.1466817706823349,0.023786203935742378,0.1466817706823349,16.16
2026-04-21,2026-04-21,2026-04-20,BMO,no_buy,6m,0.14589720964431763,0.02580399252474308,0.14589720964431763,153.425
2026-04-21,2026-04-21,2026-04-20,AKAN,no_buy,6m,0.1457996517419815,0.026914458721876144,0.1457996517419815,3.5
2026-04-21,2026-04-21,2026-04-20,ALOT,no_buy,6m,0.14525865018367767,0.029576798900961876,0.14525865018367767,13.7
2026-04-21,2026-04-21,2026-04-20,BPYPM,no_buy,1m,0.14490218460559845,0.032888516783714294,0.14490218460559845,16.5
2026-04-21,2026-04-21,2026-04-20,BSRR,no_buy,6m,0.14438064396381378,0.020733172073960304,0.14438064396381378,36.92
2026-04-21,2026-04-21,2026-04-20,AIRS,no_buy,6m,0.14399287104606628,0.02425388991832733,0.14399287104606628,2.64
2026-04-21,2026-04-21,2026-04-20,AIZN,no_buy,6m,0.14385634660720825,0.01797090843319893,0.14385634660720825,20.15
2026-04-21,2026-04-21,2026-04-20,AIRTP,no_buy,6m,0.14382705092430115,0.020752321928739548,0.14382705092430115,19.15
2026-04-21,2026-04-21,2026-04-20,AMD,no_buy,6m,0.1437782198190689,0.04436320811510086,0.1437782198190689,274.95
2026-04-21,2026-04-21,2026-04-20,BOOT,no_buy,6m,0.14373348653316498,0.02690957300364971,0.14373348653316498,168.06
2026-04-21,2026-04-21,2026-04-20,BMNR,no_buy,1m,0.14305903017520905,0.024012096226215363,0.14305903017520905,22.53
2026-04-21,2026-04-21,2026-04-20,ALLO,no_buy,6m,0.14274825155735016,0.025119829922914505,0.14274825155735016,2.42
2026-04-21,2026-04-21,2026-04-20,BNTX,no_buy,6m,0.14274534583091736,0.028651755303144455,0.14274534583091736,105.19
2026-04-21,2026-04-21,2026-04-20,BOSC,no_buy,6m,0.14272640645503998,0.028458042070269585,0.14272640645503998,4.72
2026-04-21,2026-04-21,2026-04-20,AIHS,no_buy,6m,0.14243771135807037,0.031505417078733444,0.14243771135807037,1.31
2026-04-21,2026-04-21,2026-04-20,BRLT,no_buy,6m,0.14242424070835114,0.023351894691586494,0.14242424070835114,1.37
2026-04-21,2026-04-21,2026-04-20,BRZE,no_buy,1m,0.14227375388145447,0.028653129935264587,0.14227375388145447,23.73
2026-04-21,2026-04-21,2026-04-20,AMPL,no_buy,6m,0.14201213419437408,0.03557781130075455,0.14201213419437408,7.08
2026-04-21,2026-04-21,2026-04-20,ANRO,no_buy,1m,0.14197798073291779,0.03228779882192612,0.14197798073291779,27.255
2026-04-21,2026-04-21,2026-04-20,BRO,no_buy,1m,0.14135047793388367,0.031143082305788994,0.14135047793388367,67.78
2026-04-21,2026-04-21,2026-04-20,AAL,no_buy,6m,0.14097198843955994,0.02307758666574955,0.14097198843955994,12.24
2026-04-21,2026-04-21,2026-04-20,BNTC,no_buy,6m,0.14087070524692535,0.019173678010702133,0.14087070524692535,13.99
2026-04-21,2026-04-21,2026-04-20,AMBR,no_buy,1m,0.14051513373851776,0.023879433050751686,0.14051513373851776,2.29
2026-04-21,2026-04-21,2026-04-20,BRTX,no_buy,1m,0.14045096933841705,0.02687988243997097,0.14045096933841705,0.2582
2026-04-21,2026-04-21,2026-04-20,BSLK,no_buy,1m,0.14044597744941711,0.02984089031815529,0.14044597744941711,0.0721
2026-04-21,2026-04-21,2026-04-20,AMAL,no_buy,6m,0.14020870625972748,0.021597756072878838,0.14020870625972748,43.6
2026-04-21,2026-04-21,2026-04-20,APD,no_buy,1m,0.13941138982772827,0.028411483392119408,0.13941138982772827,296.135
2026-04-21,2026-04-21,2026-04-20,BSAC,no_buy,1m,0.1391538679599762,0.026453819125890732,0.1391538679599762,35.45
2026-04-21,2026-04-21,2026-04-20,ALVO,no_buy,1m,0.13877999782562256,0.022593047469854355,0.13877999782562256,3.62
2026-04-21,2026-04-21,2025-12-18,BRY,no_buy,6m,0.13876810669898987,0.046544697135686874,0.13876810669898987,3.26
2026-04-21,2026-04-21,2026-04-20,BNAI,no_buy,1m,0.13871310651302338,0.03025847114622593,0.13871310651302338,34.87
2026-04-21,2026-04-21,2026-04-20,BMR,no_buy,6m,0.1386534422636032,0.029908575117588043,0.1386534422636032,1.91
2026-04-21,2026-04-21,2026-04-20,BTAI,no_buy,6m,0.13820700347423553,0.03029538132250309,0.13820700347423553,1.2
2026-04-21,2026-04-21,2026-04-20,ANTX,no_buy,6m,0.13809321820735931,0.029193595051765442,0.13809321820735931,3.62
2026-04-21,2026-04-21,2026-04-20,ARCB,no_buy,1m,0.13800331950187683,0.023213230073451996,0.13800331950187683,119.15
2026-04-21,2026-04-21,2026-04-20,BNH,no_buy,6m,0.137449711561203,0.019270790740847588,0.137449711561203,15.98
2026-04-21,2026-04-21,2026-04-20,BORR,no_buy,6m,0.1372983157634735,0.033017463982105255,0.1372983157634735,5.545
2026-04-21,2026-04-21,2026-04-20,AKAM,no_buy,6m,0.13717669248580933,0.03166428953409195,0.13717669248580933,97.62
2026-04-21,2026-04-21,2026-04-20,AMCR,no_buy,6m,0.13678722083568573,0.027120040729641914,0.13678722083568573,41.66
2026-04-21,2026-04-21,2026-04-20,BTQ,no_buy,6m,0.13674744963645935,0.024643151089549065,0.13674744963645935,3.46
2026-04-21,2026-04-21,2026-04-20,AON,no_buy,6m,0.13672004640102386,0.02551955170929432,0.13672004640102386,331.85
2026-04-21,2026-04-21,2026-04-20,APVO,no_buy,1m,0.1366688460111618,0.029968054965138435,0.1366688460111618,5.21
2026-04-21,2026-04-21,2026-04-20,BTOG,no_buy,1m,0.13657711446285248,0.0479215644299984,0.13657711446285248,2.15
2026-04-21,2026-04-21,2026-04-20,BNL,no_buy,6m,0.13634322583675385,0.02127196453511715,0.13634322583675385,20.275
2026-04-21,2026-04-21,2026-04-20,AIFF,no_buy,6m,0.13593097031116486,0.02750871144235134,0.13593097031116486,1.83
2026-04-21,2026-04-21,2026-04-20,AIRJW,no_buy,6m,0.13559956848621368,0.029262352734804153,0.13559956848621368,0.6973
2026-04-21,2026-04-21,2026-04-20,BNRG,no_buy,6m,0.13556824624538422,0.02764246240258217,0.13556824624538422,3.35
2026-04-21,2026-04-21,2026-04-20,AMT,no_buy,6m,0.135565385222435,0.02070757932960987,0.135565385222435,181.625
2026-04-21,2026-04-21,2026-04-20,BOOM,no_buy,1m,0.135453462600708,0.02702719159424305,0.135453462600708,5.28
2026-04-21,2026-04-21,2026-04-20,BTBD,no_buy,6m,0.1353805512189865,0.02417321316897869,0.1353805512189865,2.25
2026-04-21,2026-04-21,2026-04-20,AMTX,no_buy,6m,0.1347636729478836,0.03370458632707596,0.1347636729478836,2.64
2026-04-21,2026-04-21,2026-04-20,BMRN,no_buy,6m,0.13431772589683533,0.03659391403198242,0.13431772589683533,54.88
2026-04-21,2026-04-21,2026-04-20,ANSCW,no_buy,1m,0.134210467338562,0.020225614309310913,0.134210467338562,0.19
2026-04-21,2026-04-21,2026-04-20,AACBR,no_buy,6m,0.13410639762878418,0.01932455413043499,0.13410639762878418,0.28
2026-04-21,2026-04-21,2026-04-20,AQB,no_buy,6m,0.13343404233455658,0.025102702900767326,0.13343404233455658,1.01
2026-04-21,2026-04-21,2026-04-20,AMPH,no_buy,6m,0.13264738023281097,0.028617091476917267,0.13264738023281097,22.92
2026-04-21,2026-04-21,2026-04-20,BNJ,no_buy,6m,0.13249966502189636,0.0271576140075922,0.13249966502189636,15.21
2026-04-21,2026-04-21,2026-04-20,BNR,no_buy,6m,0.1321953535079956,0.0356886088848114,0.1321953535079956,21.56
2026-04-21,2026-04-21,2026-04-20,BTM,no_buy,6m,0.13197243213653564,0.03023899719119072,0.13197243213653564,6.41
2026-04-21,2026-04-21,2026-04-20,ARDC,no_buy,6m,0.1318158358335495,0.02935188263654709,0.1318158358335495,12.42
2026-04-21,2026-04-21,2026-04-20,BOW,no_buy,1m,0.13110819458961487,0.029382845386862755,0.13110819458961487,24.09
2026-04-21,2026-04-21,2026-04-20,BNT,no_buy,6m,0.13078837096691132,0.03149223327636719,0.13078837096691132,46.62
2026-04-21,2026-04-21,2026-04-20,ALZN,no_buy,6m,0.13066136837005615,0.036253657191991806,0.13066136837005615,1.11
2026-04-21,2026-04-21,2026-04-20,AMBA,no_buy,6m,0.1299489289522171,0.019708966836333275,0.1299489289522171,59.28
2026-04-21,2026-04-21,2026-04-20,APYX,no_buy,6m,0.12991483509540558,0.02805347926914692,0.12991483509540558,3.94
2026-04-21,2026-04-21,2026-04-20,ALM,no_buy,6m,0.1298786997795105,0.025194643065333366,0.1298786997795105,23.37
2026-04-21,2026-04-21,2026-04-20,BRN,no_buy,6m,0.12975622713565826,0.022485649213194847,0.12975622713565826,1.14
2026-04-21,2026-04-21,2026-04-20,BOTJ,no_buy,6m,0.12963108718395233,0.024200474843382835,0.12963108718395233,23.35
2026-04-21,2026-04-21,2026-04-20,APG,no_buy,6m,0.1294259876012802,0.02521386370062828,0.1294259876012802,48.72
2026-04-21,2026-04-21,2026-04-20,BN,no_buy,6m,0.12906187772750854,0.02653323858976364,0.12906187772750854,46.665
2026-04-21,2026-04-21,2026-04-20,AIRO,no_buy,6m,0.12864409387111664,0.024094734340906143,0.12864409387111664,8.59
2026-04-21,2026-04-21,2026-04-20,BRIA,no_buy,6m,0.1281244158744812,0.032486069947481155,0.1281244158744812,1.7165
2026-04-21,2026-04-21,2026-04-20,AMRX,no_buy,6m,0.12774789333343506,0.02781197428703308,0.12774789333343506,13.26
2026-04-21,2026-04-21,2026-04-20,APAM,no_buy,6m,0.1274811029434204,0.02081814780831337,0.1274811029434204,37.61
2026-04-21,2026-04-21,2026-04-20,AMTM,no_buy,1m,0.12702006101608276,0.029936257749795914,0.12702006101608276,27.63
2026-04-21,2026-04-21,2026-04-20,AHCO,no_buy,6m,0.12654413282871246,0.030378025025129318,0.12654413282871246,12.67
2026-04-21,2026-04-21,2026-04-20,BTBDW,no_buy,6m,0.12637965381145477,0.024316053837537766,0.12637965381145477,0.24
2026-04-21,2026-04-21,2026-04-20,AIRJ,no_buy,6m,0.1261553168296814,0.02611277811229229,0.1261553168296814,3.25
2026-04-21,2026-04-21,2026-04-20,AHT,no_buy,6m,0.12558519840240479,0.020738504827022552,0.12558519840240479,3.19
2026-04-21,2026-04-21,2026-04-20,AGNCP,no_buy,6m,0.12511400878429413,0.025890901684761047,0.12511400878429413,24.53
2026-04-21,2026-04-21,2026-04-20,ANNX,no_buy,6m,0.12476906180381775,0.02362571284174919,0.12476906180381775,6.43
2026-04-21,2026-04-21,2026-04-20,AHMA,no_buy,6m,0.12476789206266403,0.022509589791297913,0.12476789206266403,1.32
2026-04-21,2026-04-21,2026-04-20,ARBB,no_buy,1m,0.12467679381370544,0.025153186172246933,0.12467679381370544,4.31
2026-04-21,2026-04-21,2026-04-20,BR,no_buy,6m,0.12441083788871765,0.02335369400680065,0.12441083788871765,161.26
2026-04-21,2026-04-21,2026-04-20,AMSC,no_buy,6m,0.12425815314054489,0.03406281769275665,0.12425815314054489,40.73
2026-04-21,2026-04-21,2026-04-20,AP,no_buy,1m,0.1241285502910614,0.02209252305328846,0.1241285502910614,9.69
2026-04-21,2026-04-21,2026-04-20,AOUT,no_buy,1m,0.12304697930812836,0.025084536522626877,0.12304697930812836,9.62
2026-04-21,2026-04-21,2026-04-20,AMC,no_buy,6m,0.12294021248817444,0.02631547674536705,0.12294021248817444,1.835
2026-04-21,2026-04-21,2026-04-20,AQN,no_buy,6m,0.12291120737791061,0.03528974950313568,0.12291120737791061,6.305
2026-04-21,2026-04-21,2026-04-20,ANVS,no_buy,6m,0.1216571033000946,0.02768130786716938,0.1216571033000946,1.905
2026-04-21,2026-04-21,2026-04-20,AMBP,no_buy,6m,0.12146566063165665,0.02300819382071495,0.12146566063165665,4.105
2026-04-21,2026-04-21,2026-04-20,AMSF,no_buy,1m,0.1214352622628212,0.025096097961068153,0.1214352622628212,33.53
2026-04-21,2026-04-21,2026-04-20,AMS,no_buy,6m,0.12132501602172852,0.033697985112667084,0.12132501602172852,1.405
2026-04-21,2026-04-21,2026-04-20,AHR,no_buy,6m,0.12079290300607681,0.02323581837117672,0.12079290300607681,50.225
2026-04-21,2026-04-21,2026-04-20,AIN,no_buy,6m,0.12075284868478775,0.02075241506099701,0.12075284868478775,58.42
2026-04-21,2026-04-21,2026-04-20,BOC,no_buy,6m,0.11994112282991409,0.02802279405295849,0.11994112282991409,12.38
2026-04-21,2026-04-21,2026-04-20,BRBS,no_buy,6m,0.11950672417879105,0.05052082613110542,0.11950672417879105,3.575
2026-04-21,2026-04-21,2026-04-20,ANTA,no_buy,6m,0.11942116916179657,0.027424700558185577,0.11942116916179657,9.68
2026-04-21,2026-04-21,2026-04-20,BNCWW,no_buy,1m,0.1192086711525917,0.02369399182498455,0.1192086711525917,0.0329
2026-04-21,2026-04-21,2026-04-20,BRBR,no_buy,6m,0.119207963347435,0.027200596407055855,0.119207963347435,16.48
2026-04-21,2026-04-21,2026-04-20,BNC,no_buy,6m,0.11913316696882248,0.029827352613210678,0.11913316696882248,3.0
2026-04-21,2026-04-21,2026-04-20,ALLT,no_buy,6m,0.11911381036043167,0.01693987473845482,0.11911381036043167,7.11
2026-04-21,2026-04-21,2026-04-20,AOMD,no_buy,6m,0.11905629932880402,0.016341714188456535,0.11905629932880402,25.6201
2026-04-21,2026-04-21,2026-04-20,ARCC,no_buy,6m,0.11900097876787186,0.023772649466991425,0.11900097876787186,19.12
2026-04-21,2026-04-21,2026-04-20,AOMN,no_buy,1m,0.11879695951938629,0.024082057178020477,0.11879695951938629,25.17
2026-04-21,2026-04-21,2026-04-20,BRX,no_buy,6m,0.11860594898462296,0.02158130519092083,0.11860594898462296,30.97
2026-04-21,2026-04-21,2026-04-20,AORT,no_buy,6m,0.11837072670459747,0.019802795723080635,0.11837072670459747,38.82
2026-04-21,2026-04-21,2026-04-20,ALLR,no_buy,6m,0.11816740781068802,0.019724512472748756,0.11816740781068802,1.25
2026-04-21,2026-04-21,2026-04-20,AMPX,no_buy,1m,0.11785266548395157,0.024889269843697548,0.11785266548395157,19.615
2026-04-21,2026-04-21,2026-04-20,ARDX,no_buy,6m,0.11735083907842636,0.03173759952187538,0.11735083907842636,6.3
2026-04-21,2026-04-21,2026-04-20,AIRG,no_buy,1m,0.11716651171445847,0.03176102414727211,0.11716651171445847,6.44
2026-04-21,2026-04-21,2026-04-20,BQ,no_buy,1m,0.11714911460876465,0.025833578780293465,0.11714911460876465,0.7705
2026-04-21,2026-04-21,2026-04-20,ARM,no_buy,6m,0.11682050675153732,0.030055150389671326,0.11682050675153732,175.1
2026-04-21,2026-04-21,2026-04-20,BNGO,no_buy,1m,0.1160714253783226,0.023350004106760025,0.1160714253783226,1.31
2026-04-21,2026-04-21,2026-04-20,BTMWW,no_buy,6m,0.11604824662208557,0.019018732011318207,0.11604824662208557,0.035
2026-04-21,2026-04-21,2026-04-20,BSET,no_buy,6m,0.11571408063173294,0.02492472156882286,0.11571408063173294,14.56
2026-04-21,2026-04-21,2026-04-20,AOD,no_buy,6m,0.1153801754117012,0.021474357694387436,0.1153801754117012,10.26
2026-04-21,2026-04-21,2026-04-20,AOMR,no_buy,6m,0.11511640250682831,0.02231762185692787,0.11511640250682831,9.13
2026-04-21,2026-04-21,2026-04-20,APLD,no_buy,6m,0.11500675231218338,0.020958885550498962,0.11500675231218338,32.19
2026-04-21,2026-04-21,2026-04-20,BTCS,no_buy,6m,0.11461255699396133,0.023625506088137627,0.11461255699396133,1.9
2026-04-21,2026-04-21,2026-04-20,BRSP,no_buy,6m,0.11423784494400024,0.027281422168016434,0.11423784494400024,5.985
2026-04-21,2026-04-21,2026-04-20,AQST,no_buy,6m,0.11342991143465042,0.02437429316341877,0.11342991143465042,4.24
2026-04-21,2026-04-21,2026-04-20,ALMS,no_buy,6m,0.11258940398693085,0.02900615707039833,0.11258940398693085,24.71
2026-04-21,2026-04-21,2026-04-20,AMRC,no_buy,6m,0.11194603890180588,0.025242792442440987,0.11194603890180588,26.92
2026-04-21,2026-04-21,2026-04-20,BST,no_buy,6m,0.11190115660429001,0.021079417318105698,0.11190115660429001,41.28
2026-04-21,2026-04-21,2026-04-20,ALNT,no_buy,6m,0.1117105484008789,0.02876812219619751,0.1117105484008789,73.44
2026-04-21,2026-04-21,2026-04-20,BRT,no_buy,6m,0.11152514815330505,0.03027811087667942,0.11152514815330505,14.39
2026-04-21,2026-04-21,2026-04-20,BSTZ,no_buy,6m,0.10908327996730804,0.024038998410105705,0.10908327996730804,25.39
2026-04-21,2026-04-21,2026-04-20,ARDT,no_buy,6m,0.10840462893247604,0.023708242923021317,0.10840462893247604,10.16
2026-04-21,2026-04-21,2026-04-20,ARLO,no_buy,6m,0.10780174285173416,0.026931805536150932,0.10780174285173416,14.98
2026-04-21,2026-04-21,2026-04-20,BPYPN,no_buy,6m,0.10774683952331543,0.025145109742879868,0.10774683952331543,13.92
2026-04-21,2026-04-21,2026-04-20,AIV,no_buy,6m,0.10632318258285522,0.02359035424888134,0.10632318258285522,4.255
2026-04-21,2026-04-21,2026-04-20,BSY,no_buy,1m,0.1062924861907959,0.02382640913128853,0.1062924861907959,35.21
2026-04-21,2026-04-21,2026-04-20,AMCX,no_buy,6m,0.10622821748256683,0.01579873077571392,0.10622821748256683,8.66
2026-04-21,2026-04-21,2026-04-20,AGX,no_buy,1d,0.10589449107646942,0.043845053762197495,0.10589449107646942,611.51
2026-04-21,2026-04-21,2026-04-20,ARE,no_buy,6m,0.10568272322416306,0.0326581709086895,0.10568272322416306,48.99
2026-04-21,2026-04-21,2026-04-20,BTDR,no_buy,6m,0.1054251492023468,0.02111549861729145,0.1054251492023468,13.03
2026-04-21,2026-04-21,2026-04-20,AOSL,no_buy,6m,0.10503396391868591,0.030495116487145424,0.10503396391868591,39.9
2026-04-21,2026-04-21,2026-04-20,APGE,no_buy,6m,0.10451824218034744,0.025034932419657707,0.10451824218034744,90.92
2026-04-21,2026-04-21,2026-04-20,AIO,no_buy,6m,0.10396500676870346,0.023601332679390907,0.10396500676870346,24.12
2026-04-21,2026-04-21,2025-12-01,AMRK,no_buy,6m,0.1038459986448288,0.02634851634502411,0.1038459986448288,29.25
2026-04-21,2026-04-21,2026-04-20,AIRE,no_buy,1m,0.102564737200737,0.030838917940855026,0.102564737200737,0.283
2026-04-21,2026-04-21,2026-04-20,ARAY,no_buy,6m,0.10218479484319687,0.025703106075525284,0.10218479484319687,0.4643
2026-04-21,2026-04-21,2026-04-20,AISPW,no_buy,6m,0.10204339772462845,0.028848614543676376,0.10204339772462845,0.75
2026-04-21,2026-04-21,2026-04-20,BTBT,no_buy,6m,0.09938720613718033,0.022917501628398895,0.09938720613718033,1.64
2026-04-21,2026-04-21,2026-04-20,ALX,no_buy,6m,0.09910430759191513,0.0202582199126482,0.09910430759191513,251.32
2026-04-21,2026-04-21,2026-04-20,APUS,no_buy,6m,0.09852301329374313,0.019763367250561714,0.09852301329374313,1.88
2026-04-21,2026-04-21,2026-04-20,BSBR,no_buy,6m,0.09838687628507614,0.023931361734867096,0.09838687628507614,6.355
2026-04-21,2026-04-21,2026-04-20,BRAG,no_buy,6m,0.09802153706550598,0.027019960805773735,0.09802153706550598,2.04
2026-04-21,2026-04-21,2026-04-20,BNS,no_buy,6m,0.09439440816640854,0.025626709684729576,0.09439440816640854,76.81
2026-04-21,2026-04-21,2026-04-20,APEI,no_buy,6m,0.09396696835756302,0.017876150086522102,0.09396696835756302,60.86
2026-04-21,2026-04-21,2026-04-20,ARCT,no_buy,1m,0.09300538152456284,0.020471999421715736,0.09300538152456284,8.9
2026-04-21,2026-04-21,2026-04-20,AIIO,no_buy,1m,0.09297676384449005,0.02909259870648384,0.09297676384449005,0.6999
2026-04-21,2026-04-21,2026-04-20,ARBE,no_buy,6m,0.09134316444396973,0.021181577816605568,0.09134316444396973,0.8151
2026-04-21,2026-04-21,2026-04-20,AIXC,no_buy,6m,0.09084376692771912,0.016095060855150223,0.09084376692771912,1.36
2026-04-21,2026-04-21,2026-04-20,ARBEW,no_buy,6m,0.09022817760705948,0.028718337416648865,0.09022817760705948,0.072
2026-04-21,2026-04-21,2026-04-20,AMBO,no_buy,6m,0.08955419808626175,0.021665452048182487,0.08955419808626175,2.385
2026-04-21,2026-04-21,2026-04-20,BTCT,no_buy,6m,0.08824977278709412,0.023417124524712563,0.08824977278709412,1.3
2026-04-21,2026-04-21,2026-04-20,BRCC,no_buy,6m,0.08810415118932724,0.023112764582037926,0.08810415118932724,0.9232
2026-04-21,2026-04-21,2026-04-20,AII,no_buy,6m,0.08711440116167068,0.02757577784359455,0.08711440116167068,19.29
2026-04-21,2026-04-21,2026-04-20,BTMD,no_buy,6m,0.0866803452372551,0.021758409217000008,0.0866803452372551,2.24
2026-04-21,2026-04-21,2026-04-20,BMRA,no_buy,6m,0.08625415712594986,0.01946834661066532,0.08625415712594986,2.15
2026-04-21,2026-04-21,2026-04-20,ALVOW,no_buy,6m,0.08521952480077744,0.02952606976032257,0.08521952480077744,0.33
2026-04-21,2026-04-21,2026-04-20,ARCO,no_buy,6m,0.08482962846755981,0.018473276868462563,0.08482962846755981,9.495
2026-04-21,2026-04-21,2026-04-20,AIP,no_buy,6m,0.08277391642332077,0.018637487664818764,0.08277391642332077,22.63
2026-04-21,2026-04-21,2026-04-20,AIOT,no_buy,6m,0.08196928352117538,0.029714861884713173,0.08196928352117538,3.43
2026-04-21,2026-04-21,2026-04-20,AIMD,no_buy,6m,0.07409234344959259,0.025745974853634834,0.07409234344959259,1.79
